,Group,nSpecies,S,alpha,Variance,Pvalue,FDR,ange,sorgh,NormScore.ange,NormScore.sorgh,ange.count,sorgh.count,ange.count.1,sorgh.count.1,adr7,adr8,aww7,aww8,dr7,dr8,ww8,ww9,andro.gene,sorgh.gene,tf,GO
4224,ILR3_ARATH,2,4.177917239,13.60769196,0.073487848,1.53E-12,1.82E-09,1.43E-10,0.005250096,6.705114942,1.650719536,16,13,16,13,13.9529375,16.453375,17.5970625,15.0741875,19.04176923,23.58207692,24.13738462,21.48053846,TRINITY_DN26797_c0_g1_i6,TRINITY_DN21329_c1_g1_i2,bold,"GO:0005634^cellular_component^nucleus`GO:0003677^molecular_function^DNA binding`GO:0003700^molecular_function^transcription factor activity, sequence-specific DNA binding`GO:0006355^biological_process^regulation of transcription, DNA-templated`GO:0006351^biological_process^transcription, DNA-templated"
680,ARFU_ORYSJ,2,4.804028754,9.672175989,0.103389351,1.33E-11,1.12E-08,1.01E-11,0.451652575,9.315605774,0.292451734,8,8,8,8,7.945375,6.674375,7.34875,6.936375,13.997,10.86075,13.71,13.035875,TRINITY_DN30447_c1_g1_i3,TRINITY_DN24234_c3_g3_i1,bold,"GO:0005634^cellular_component^nucleus`GO:0003677^molecular_function^DNA binding`GO:0009734^biological_process^auxin-activated signaling pathway`GO:0006355^biological_process^regulation of transcription, DNA-templated`GO:0006351^biological_process^transcription, DNA-templated"
10058,Y3475_ARATH,2,2.677127822,26.71223965,0.037436022,4.12E-10,3.05E-07,1.66E-09,0.00863841,4.335313088,1.018942555,59,59,59,59,8.461542373,4.129016949,7.145491525,7.734254237,9.366169492,7.300915254,8.418542373,9.562033898,TRINITY_DN29098_c1_g3_i1,TRINITY_DN21318_c1_g2_i1,bold,GO:0016021^cellular_component^integral component of membrane`GO:0005886^cellular_component^plasma membrane`GO:0005524^molecular_function^ATP binding`GO:0004674^molecular_function^protein serine/threonine kinase activity
1286,C79A1_SORBI,2,4.556308691,8.669669963,0.115344645,7.58E-10,5.28E-07,9.24E-06,7.73E-06,3.957696932,5.154920451,10,5,10,5,10.3183,3.0189,1.4562,5.1507,22.7772,7.635,2.2094,7.0236,TRINITY_DN9305_c0_g1_i1,TRINITY_DN11666_c2_g1_i1,bold,GO:0005789^cellular_component^endoplasmic reticulum membrane`GO:0016021^cellular_component^integral component of membrane`GO:0020037^molecular_function^heme binding`GO:0005506^molecular_function^iron ion binding`GO:0050370^molecular_function^tyrosine N-monooxygenase activity`GO:0010132^biological_process^dhurrin biosynthetic process
779,ASPRX_ORYSJ,2,3.35511929,14.42781397,0.069310569,2.87E-09,1.89E-06,0.36695649,3.83E-10,0.296537225,6.413701356,16,16,16,16,43.0559375,42.6573125,42.2733125,42.709625,42.4608125,34.928125,43.78075,39.354375,TRINITY_DN29894_c1_g1_i3,TRINITY_DN25262_c1_g1_i6,bold,GO:0005773^cellular_component^vacuole`GO:0004190^molecular_function^aspartic-type endopeptidase activity`GO:0006629^biological_process^lipid metabolic process`GO:0030163^biological_process^protein catabolic process`GO:0006508^biological_process^proteolysis
5950,PAP14_ARATH,2,5.977139616,4.164435946,0.240128558,6.23E-08,3.21E-05,0.000245906,7.82E-06,5.540374139,6.413905093,2,3,2,3,200.744,118.54,21.424,44.3,150.0143333,89.711,16.42666667,31.94833333,TRINITY_DN27501_c3_g2_i1,TRINITY_DN22410_c0_g3_i1,bold,GO:0009507^cellular_component^chloroplast`GO:0005524^molecular_function^ATP binding`GO:0004672^molecular_function^protein kinase activity
1283,C77A1_SOLME,2,4.16688285,5.457333574,0.183239669,3.74E-06,0.001263221,4.94E-07,0.082058098,6.969950553,1.363815147,4,3,4,3,2.54075,4.79775,6.01425,3.44975,3.768666667,8.102,9.514,6.791,TRINITY_DN23263_c6_g1_i3,TRINITY_DN20028_c2_g2_i3,bold,"GO:0020037^molecular_function^heme binding`GO:0005506^molecular_function^iron ion binding`GO:0004497^molecular_function^monooxygenase activity`GO:0016705^molecular_function^oxidoreductase activity, acting on paired donors, with incorporation or reduction of molecular oxygen"
7633,RPM1_ARATH,2,2.176614033,24.27685274,0.041191501,4.03E-06,0.001326558,5.63E-05,6.84E-05,2.055946537,2.297281529,65,36,65,36,6.024907692,5.514615385,5.147107692,5.343153846,9.982472222,7.111333333,7.447388889,9.454416667,TRINITY_DN23094_c2_g1_i1,TRINITY_DN17386_c3_g1_i1,bold,GO:0012505^cellular_component^endomembrane system`GO:0019897^cellular_component^extrinsic component of plasma membrane`GO:0005886^cellular_component^plasma membrane`GO:0043531^molecular_function^ADP binding`GO:0005524^molecular_function^ATP binding`GO:0000166^molecular_function^nucleotide binding`GO:0009626^biological_process^plant-type hypersensitive response
7905,SALR_PAPBR,2,2.672590162,13.67049982,0.073150215,4.85E-06,0.001552416,0.000112797,0.000211721,2.795554845,2.549625479,14,15,14,15,13.02342857,8.265142857,11.44878571,10.09928571,12.66713333,8.027466667,11.99753333,9.751533333,TRINITY_DN22517_c0_g1_i2,TRINITY_DN3486_c0_g1_i1,bold,GO:0047037^molecular_function^salutaridine reductase (NADPH) activity`GO:0009820^biological_process^alkaloid metabolic process
10625,C71AJ_PASSA,1,11.14136191,1,1,1.45E-05,0.003991209,NA,1.45E-05,NA,11.14136191,NA,1,NA,1,0,0,0,0,0.25,1.141,18.051,6.654,#N/A,TRINITY_DN22509_c1_g1_i4,bold,"GO:0005789^cellular_component^endoplasmic reticulum membrane`GO:0016021^cellular_component^integral component of membrane`GO:0020037^molecular_function^heme binding`GO:0005506^molecular_function^iron ion binding`GO:0004497^molecular_function^monooxygenase activity`GO:0016705^molecular_function^oxidoreductase activity, acting on paired donors, with incorporation or reduction of molecular oxygen`GO:0009835^biological_process^fruit ripening"
4643,LOL3_ORYSJ,2,3.886863453,4.93877551,0.202479339,2.95E-05,0.007136754,7.42E-06,0.087117181,6.442544455,1.33118245,3,3,3,3,4.642666667,4.494333333,4.108,6.371,4.745333333,9.274666667,4.581,6.175333333,TRINITY_DN25836_c0_g1_i1,TRINITY_DN22530_c0_g1_i3,bold,GO:0005634^cellular_component^nucleus
3699,GRPA_MAIZE,2,3.051124745,8.049543677,0.124230645,3.36E-05,0.007652133,0.229587071,1.40E-06,0.600601195,5.501648294,6,6,6,6,143.0145,125.995,89.83283333,133.6701667,179.5606667,163.7666667,126.5535,168.7635,TRINITY_DN26829_c0_g1_i7,TRINITY_DN22424_c4_g1_i1,bold,GO:0000166^molecular_function^nucleotide binding`GO:0003723^molecular_function^RNA binding
5776,ORG2_ARATH,2,5.373267667,2.571428571,0.388888889,4.94E-05,0.009751443,4.52E-06,0.078719087,8.204665709,2.541869624,2,1,2,1,70.3605,37.75,0,23.9775,148.998,86.498,0,47.927,TRINITY_DN28200_c1_g1_i1,TRINITY_DN21766_c2_g1_i1,bold,"GO:0005634^cellular_component^nucleus`GO:0003677^molecular_function^DNA binding`GO:0003700^molecular_function^transcription factor activity, sequence-specific DNA binding`GO:0010106^biological_process^cellular response to iron ion starvation`GO:0055072^biological_process^iron ion homeostasis`GO:0006355^biological_process^regulation of transcription, DNA-templated`GO:0006351^biological_process^transcription, DNA-templated"
4312,IQM3_ARATH,2,2.758410102,9.586123337,0.104317456,5.37E-05,0.010400358,1.26E-06,0.156655243,4.801891579,0.714928625,9,7,9,7,14.52077778,21.01855556,25.66577778,24.47255556,22.26057143,29.69228571,38.724,34.834,TRINITY_DN24629_c2_g1_i7,TRINITY_DN18253_c2_g2_i1,bold,GO:0005737^cellular_component^cytoplasm`GO:0005634^cellular_component^nucleus
10802,DNAJ_THEP1,1,6.281531156,1.8,0.555555556,9.82E-05,0.017100292,NA,8.09E-05,NA,6.281531156,NA,2,NA,2,0,0,0,0,4.424,9.1025,13.2715,9.092,#N/A,TRINITY_DN20555_c0_g1_i1,bold,GO:0005737^cellular_component^cytoplasm`GO:0005524^molecular_function^ATP binding`GO:0008270^molecular_function^zinc ion binding`GO:0006260^biological_process^DNA replication`GO:0006457^biological_process^protein folding`GO:0009408^biological_process^response to heat
3180,FD_ARATH,2,2.887798214,7.23494137,0.138218121,0.000177613,0.027301651,1.15E-06,0.351982802,5.274393405,0.501203022,7,4,7,4,8.871285714,12.27428571,9.599428571,9.417571429,19.573,20.29025,18.735,16.32775,TRINITY_DN26631_c2_g1_i1,TRINITY_DN24666_c2_g1_i2,bold,"GO:0005634^cellular_component^nucleus`GO:0043621^molecular_function^protein self-association`GO:0043565^molecular_function^sequence-specific DNA binding`GO:0003700^molecular_function^transcription factor activity, sequence-specific DNA binding`GO:2000028^biological_process^regulation of photoperiodism, flowering`GO:0006355^biological_process^regulation of transcription, DNA-templated"
1292,C7A52_PANGI,2,3.028299343,5.833560874,0.171421885,0.000336697,0.048013747,0.012879945,0.000495774,1.906022115,4.150576571,5,3,5,3,3.8388,1.7242,2.9624,19.1058,8.250666667,4.138666667,4.783,29.297,TRINITY_DN29605_c1_g1_i5,TRINITY_DN24125_c2_g1_i4,bold,"GO:0016021^cellular_component^integral component of membrane`GO:0020037^molecular_function^heme binding`GO:0005506^molecular_function^iron ion binding`GO:0004497^molecular_function^monooxygenase activity`GO:0016705^molecular_function^oxidoreductase activity, acting on paired donors, with incorporation or reduction of molecular oxygen"
6810,PSY_MAIZE,2,12.52368977,6.696174264,0.149339005,8.98E-29,1.06E-24,0.0022383,5.95E-19,2.156983777,22.89039575,9,3,9,3,7.829555556,20.59122222,25.423,8.818111111,14.96533333,31.178,39.233,17.308,TRINITY_DN28924_c1_g1_i5,TRINITY_DN24987_c0_g1_i5,plain,GO:0009507^cellular_component^chloroplast`GO:0016767^molecular_function^geranylgeranyl-diphosphate geranylgeranyltransferase activity`GO:0016117^biological_process^carotenoid biosynthetic process
3273,FMDA_SCHPO,2,11.32891549,6.538753606,0.152934345,5.35E-25,3.17E-21,2.15E-17,0.009224437,20.93371568,1.724115314,3,8,3,8,18.435,17.88433333,17.93133333,17.14333333,4.434125,6.934625,7.78425,6.719,TRINITY_DN28987_c2_g1_i5,TRINITY_DN23844_c2_g1_i8,plain,GO:0005829^cellular_component^cytosol`GO:0005634^cellular_component^nucleus`GO:0004328^molecular_function^formamidase activity
9626,VATF_ARATH,2,7.047092609,8.450696387,0.118333443,2.07E-17,8.15E-14,5.98E-14,0.003149391,11.74294188,2.351243338,7,6,7,6,11.29485714,14.61328571,17.35228571,16.38585714,15.18783333,20.93316667,19.25916667,18.71816667,TRINITY_DN24083_c0_g1_i1,TRINITY_DN21180_c1_g1_i1,plain,"GO:0005794^cellular_component^Golgi apparatus`GO:0005886^cellular_component^plasma membrane`GO:0033180^cellular_component^proton-transporting V-type ATPase, V1 domain`GO:0005774^cellular_component^vacuolar membrane`GO:0005773^cellular_component^vacuole`GO:0046961^molecular_function^proton-transporting ATPase activity, rotational mechanism`GO:0015991^biological_process^ATP hydrolysis coupled proton transport"
2187,CUT1B_ARATH,2,6.703133597,6.93888744,0.144115322,8.99E-14,2.14E-10,0.067404644,7.35E-12,1.100833209,12.30543399,6,4,6,4,25.3835,52.7215,47.66316667,29.11733333,28.81925,54.006,54.59575,38.552,TRINITY_DN28944_c2_g1_i3,TRINITY_DN22774_c2_g3_i3,plain,GO:0009507^cellular_component^chloroplast`GO:0009941^cellular_component^chloroplast envelope`GO:0030093^cellular_component^chloroplast photosystem I`GO:0009534^cellular_component^chloroplast thylakoid`GO:0009535^cellular_component^chloroplast thylakoid membrane`GO:0016021^cellular_component^integral component of membrane`GO:0009295^cellular_component^nucleoid`GO:0009508^cellular_component^plastid chromosome`GO:0009579^cellular_component^thylakoid`GO:0003677^molecular_function^DNA binding`GO:0009773^biological_process^photosynthetic electron transport in photosystem I`GO:0009737^biological_process^response to abscisic acid
295,ADF5_ORYSJ,2,6.338068098,7.558719668,0.132297538,9.03E-14,2.14E-10,1.36E-08,5.77E-06,7.393141243,5.282994954,6,5,6,5,4.874166667,9.015166667,6.523,6.709,10.2646,17.151,9.3516,11.6764,TRINITY_DN24773_c2_g1_i4,TRINITY_DN23153_c3_g1_i4,plain,GO:0015629^cellular_component^actin cytoskeleton`GO:0030042^biological_process^actin filament depolymerization
3829,H33_VITVI,2,3.767735838,18.0888444,0.055282691,1.56E-13,2.69E-10,3.84E-12,0.054166089,6.754680937,0.78079074,27,23,27,23,59.0442963,59.00477778,64.14933333,57.59607407,74.08782609,68.51421739,81.98417391,73.47456522,TRINITY_DN25600_c0_g1_i6,TRINITY_DN21730_c5_g1_i5,plain,GO:0000786^cellular_component^nucleosome`GO:0005634^cellular_component^nucleus`GO:0003677^molecular_function^DNA binding`GO:0006007^biological_process^glucose catabolic process`GO:0006605^biological_process^protein targeting
8421,SPT51_ARATH,2,6.850808021,6.571070067,0.152182215,1.59E-13,2.69E-10,6.43E-14,0.435866364,13.30301464,0.398601402,5,4,5,4,8.916,6.7616,8.7148,8.4028,10.87375,8.7345,8.228,8.99175,TRINITY_DN30489_c0_g1_i3,TRINITY_DN25399_c1_g1_i1,plain,"GO:0005634^cellular_component^nucleus`GO:0005840^cellular_component^ribosome`GO:0003735^molecular_function^structural constituent of ribosome`GO:0032784^biological_process^regulation of DNA-templated transcription, elongation`GO:0006357^biological_process^regulation of transcription from RNA polymerase II promoter`GO:0006351^biological_process^transcription, DNA-templated`GO:0006412^biological_process^translation"
6755,PSBA_SORBI,2,13.06124268,2.571428571,0.388888889,4.86E-13,7.18E-10,1.58E-16,0.154659771,24.25595776,1.8665276,2,1,2,1,41.962,41.434,44.284,74.7515,77.763,70.907,90.182,161.126,TRINITY_DN14930_c0_g1_i1,TRINITY_DN14243_c0_g1_i1,plain,"GO:0009535^cellular_component^chloroplast thylakoid membrane`GO:0016021^cellular_component^integral component of membrane`GO:0009523^cellular_component^photosystem II`GO:0016168^molecular_function^chlorophyll binding`GO:0045156^molecular_function^electron transporter, transferring electrons within the cyclic electron transport pathway of photosynthesis activity`GO:0046872^molecular_function^metal ion binding`GO:0016491^molecular_function^oxidoreductase activity`GO:0009772^biological_process^photosynthetic electron transport in photosystem II`GO:0018298^biological_process^protein-chromophore linkage`GO:0009635^biological_process^response to herbicide"
9536,UPL1_ARATH,2,3.772680677,17.04923288,0.058653665,6.75E-13,8.88E-10,0.214625275,7.62E-13,0.440290155,7.105071198,18,28,18,28,10.68172222,8.669666667,6.868,8.695,9.8435,8.693928571,6.715928571,8.123214286,TRINITY_DN30643_c0_g1_i2,TRINITY_DN25539_c0_g1_i4,plain,GO:0005829^cellular_component^cytosol`GO:0005739^cellular_component^mitochondrion`GO:0005634^cellular_component^nucleus`GO:0016874^molecular_function^ligase activity`GO:0004842^molecular_function^ubiquitin-protein transferase activity`GO:0042787^biological_process^protein ubiquitination involved in ubiquitin-dependent protein catabolic process
3812,H1_MAIZE,2,4.686292513,11.01198522,0.090810147,1.80E-12,1.93E-09,2.53E-12,0.22312391,8.842346481,0.530238545,11,9,11,9,38.32481818,42.19709091,48.11681818,37.00581818,53.433,58.96344444,59.213,52.85744444,TRINITY_DN25159_c1_g1_i1,TRINITY_DN23391_c4_g1_i6,plain,GO:0000786^cellular_component^nucleosome`GO:0005634^cellular_component^nucleus`GO:0003677^molecular_function^DNA binding`GO:0006334^biological_process^nucleosome assembly
4202,IF5_MAIZE,2,5.078917564,9.266741608,0.107912796,4.11E-12,4.06E-09,8.66E-12,0.130414918,9.37220209,0.785633038,8,7,8,7,14.159,19.42925,13.66225,12.88175,28.07014286,45.08314286,28.97642857,29.34142857,TRINITY_DN29839_c2_g1_i1,TRINITY_DN22194_c1_g1_i1,plain,GO:0005525^molecular_function^GTP binding`GO:0003743^molecular_function^translation initiation factor activity
3305,FRO6_ARATH,2,4.547664683,11.01198522,0.090810147,6.17E-12,5.62E-09,0.000234592,8.83E-09,2.954314779,6.141014586,9,11,9,11,165.1773333,223.3874444,168.7053333,182.1663333,120.2892727,166.9208182,114.7703636,126.8352727,TRINITY_DN29800_c3_g3_i2,TRINITY_DN21367_c0_g1_i9,plain,GO:0016021^cellular_component^integral component of membrane`GO:0005886^cellular_component^plasma membrane`GO:0000293^molecular_function^ferric-chelate reductase activity`GO:0046872^molecular_function^metal ion binding`GO:0006811^biological_process^ion transport`GO:0009416^biological_process^response to light stimulus
6548,PPCE_HUMAN,2,5.380473919,7.479729433,0.133694676,5.48E-11,4.33E-08,3.46E-09,0.021686573,9.351358679,1.40958916,4,8,4,8,18.21525,6.9345,6.763,6.74325,12.598875,8.49475,5.698625,8.809875,TRINITY_DN30483_c1_g1_i1,TRINITY_DN25309_c2_g1_i1,plain,GO:0005737^cellular_component^cytoplasm`GO:0016020^cellular_component^membrane`GO:0005634^cellular_component^nucleus`GO:0004252^molecular_function^serine-type endopeptidase activity`GO:0070008^molecular_function^serine-type exopeptidase activity`GO:0008236^molecular_function^serine-type peptidase activity`GO:0006508^biological_process^proteolysis
5172,MSRB1_ORYSJ,2,4.044193212,9.672175989,0.103389351,4.84E-09,3.01E-06,0.000159386,1.78E-06,3.2173073,4.871079125,8,8,8,8,18.177,27.708625,28.65625,27.210875,17.8085,23.608125,27.970875,22.62,TRINITY_DN23335_c1_g1_i3,TRINITY_DN21359_c0_g1_i2,plain,GO:0009507^cellular_component^chloroplast`GO:0009570^cellular_component^chloroplast stroma`GO:0046872^molecular_function^metal ion binding`GO:0033743^molecular_function^peptide-methionine (R)-S-oxide reductase activity`GO:0030091^biological_process^protein repair`GO:0006979^biological_process^response to oxidative stress
1470,CC130_BOVIN,2,5.828842666,4.975020145,0.201004211,8.25E-09,4.88E-06,0.820400762,5.45E-13,0.131974883,11.52571045,2,6,2,6,31.404,35.244,29.1875,32.9425,13.514,10.81,10.29216667,11.75466667,TRINITY_DN29048_c1_g1_i1,TRINITY_DN25252_c0_g1_i7,plain,.
4581,LECH_HORVU,2,3.128901616,15.6180579,0.064028447,8.97E-09,5.06E-06,1.87E-05,1.39E-05,2.949752885,3.308050347,22,16,22,16,4.139136364,5.877409091,5.4025,15.33863636,4.7389375,6.1398125,5.987,16.659,TRINITY_DN28139_c1_g1_i3,TRINITY_DN23001_c0_g2_i3,plain,GO:0048046^cellular_component^apoplast`GO:0005537^molecular_function^mannose binding
5168,MSPD2_MOUSE,1,7.6219578,3.048780488,0.328,2.66E-08,1.43E-05,1.27E-07,NA,7.6219578,NA,4,NA,4,NA,6.16275,4.30775,6.491,4.96425,0,0,0,0,TRINITY_DN28354_c2_g2_i4,#N/A,plain,GO:0016021^cellular_component^integral component of membrane`GO:0016020^cellular_component^membrane
7470,RL51_ORYSJ,2,3.446486103,10.32565979,0.096846112,1.81E-07,8.92E-05,0.005427369,2.64E-07,2.011796449,4.881175758,7,12,7,12,20.89985714,13.29314286,20.74314286,17.34785714,14.72258333,13.89525,11.3835,12.012,TRINITY_DN30164_c0_g1_i3,TRINITY_DN24525_c2_g1_i11,plain,GO:0022625^cellular_component^cytosolic large ribosomal subunit`GO:0008097^molecular_function^5S rRNA binding`GO:0003735^molecular_function^structural constituent of ribosome`GO:0000027^biological_process^ribosomal large subunit assembly`GO:0006412^biological_process^translation
9426,UBC4_SOLLC,2,3.192708944,12.0839175,0.08275462,1.90E-07,9.00E-05,0.028190304,2.83E-07,1.055623564,5.329794323,16,9,16,9,39.040625,47.5078125,42.686,49.0963125,65.472,83.40844444,71.44066667,78.47188889,TRINITY_DN26809_c0_g1_i3,TRINITY_DN22510_c0_g1_i4,plain,GO:0005524^molecular_function^ATP binding`GO:0016740^molecular_function^transferase activity`GO:0016567^biological_process^protein ubiquitination
8655,SYGM2_ARATH,2,3.304532232,11.01198522,0.090810147,2.44E-07,0.000110926,0.000694916,5.05E-06,2.570449341,4.038615123,9,11,9,11,7.826444444,10.12377778,8.274666667,5.713222222,7.467272727,9.878545455,6.023181818,6.579454545,TRINITY_DN29158_c2_g1_i1,TRINITY_DN24087_c1_g1_i1,plain,GO:0009507^cellular_component^chloroplast`GO:0009570^cellular_component^chloroplast stroma`GO:0005739^cellular_component^mitochondrion`GO:0005524^molecular_function^ATP binding`GO:0004820^molecular_function^glycine-tRNA ligase activity`GO:0046983^molecular_function^protein dimerization activity`GO:0009793^biological_process^embryo development ending in seed dormancy`GO:0006426^biological_process^glycyl-tRNA aminoacylation`GO:0045995^biological_process^regulation of embryonic development
9568,USPAL_ARATH,2,2.991990474,12.26341189,0.081543375,9.07E-07,0.000397817,0.021163892,5.52E-07,1.212357421,4.771623528,13,11,13,11,10.20307692,14.66253846,21.92976923,14.21123077,13.16818182,22.21209091,27.18890909,18.91690909,TRINITY_DN23163_c0_g1_i1,TRINITY_DN23102_c0_g1_i2,plain,GO:0005886^cellular_component^plasma membrane`GO:0016208^molecular_function^AMP binding`GO:0006950^biological_process^response to stress
7739,RS27_HORVU,2,3.752979317,7.558719668,0.132297538,9.90E-07,0.000418522,9.70E-08,0.12386143,6.591246881,0.914711754,6,5,6,5,29.33416667,14.17166667,23.65783333,20.9765,34.1008,18.6446,32.998,30.3394,TRINITY_DN25309_c2_g1_i5,TRINITY_DN22824_c2_g1_i3,plain,GO:0005840^cellular_component^ribosome`GO:0046872^molecular_function^metal ion binding`GO:0003735^molecular_function^structural constituent of ribosome`GO:0006412^biological_process^translation
7764,RSC5_DICDI,2,2.737779416,14.61079791,0.068442532,1.30E-06,0.000532575,5.88E-07,0.010581339,4.104748285,1.370810547,18,15,18,15,7.570833333,7.589777778,10.55955556,9.587222222,12.8632,15.19426667,15.78273333,17.32406667,TRINITY_DN25432_c0_g1_i7,TRINITY_DN22841_c1_g1_i5,plain,GO:0005886^cellular_component^plasma membrane`GO:0005628^cellular_component^prospore membrane`GO:0008526^molecular_function^phosphatidylinositol transporter activity`GO:0006696^biological_process^ergosterol biosynthetic process`GO:0015914^biological_process^phospholipid transport
4127,IAA31_ORYSJ,2,4.049278206,6.121637235,0.163354992,2.00E-06,0.00078623,0.071338523,2.57E-06,1.077681144,7.020875269,6,3,6,3,5.876,4.506833333,5.752666667,5.040166667,9.150333333,4.587,7.47,6.836666667,TRINITY_DN29699_c0_g1_i1,TRINITY_DN23121_c5_g1_i5,plain,"GO:0005634^cellular_component^nucleus`GO:0009734^biological_process^auxin-activated signaling pathway`GO:0006355^biological_process^regulation of transcription, DNA-templated`GO:0006351^biological_process^transcription, DNA-templated"
7657,RPT2_ARATH,2,2.463765192,18.2873394,0.05468264,2.06E-06,0.00078623,1.02E-07,0.075428837,4.263366347,0.664164036,24,27,24,27,35.020625,33.25420833,26.30925,23.93008333,42.99837037,35.46137037,30.87385185,28.92203704,TRINITY_DN29030_c3_g2_i2,TRINITY_DN24734_c4_g1_i1,plain,GO:0005737^cellular_component^cytoplasm`GO:0005634^cellular_component^nucleus`GO:0004871^molecular_function^signal transducer activity`GO:0009638^biological_process^phototropism`GO:0016567^biological_process^protein ubiquitination
1174,BZW2_MUSMM,2,4.029611995,6.097560976,0.164,2.29E-06,0.000848783,0.000253303,0.00020162,3.974843596,4.084380394,4,4,4,4,21.276,21.37275,23.1995,24.56475,16.91575,21.88,14.0125,24.41575,TRINITY_DN25316_c0_g1_i2,TRINITY_DN22433_c0_g1_i3,plain,GO:0016020^cellular_component^membrane`GO:0030154^biological_process^cell differentiation`GO:0007399^biological_process^nervous system development
11318,PP4R3_XENLA,1,8.464730428,1.8,0.555555556,2.41E-06,0.000864363,NA,3.06E-06,NA,8.464730428,NA,2,NA,2,0,0,0,0,10.461,8.8175,9.5845,10.963,#N/A,TRINITY_DN25467_c0_g2_i1,plain,.
1675,CHLI_ORYSJ,2,4.696789081,4.527162978,0.220888889,2.76E-06,0.000960337,1.29E-08,0.363920623,8.719698492,0.673879669,4,2,4,2,16.30725,32.146,28.01375,19.0575,11.2355,26.9265,12.6665,12.5995,TRINITY_DN27666_c0_g1_i2,TRINITY_DN24141_c0_g1_i3,plain,GO:0009507^cellular_component^chloroplast`GO:0005524^molecular_function^ATP binding`GO:0016851^molecular_function^magnesium chelatase activity`GO:0015995^biological_process^chlorophyll biosynthetic process`GO:0015979^biological_process^photosynthesis
10129,Y5129_ARATH,2,2.561590246,14.66152557,0.068205726,6.92E-06,0.002155444,1.03E-05,0.001665002,3.111337769,2.011842723,22,13,22,13,4.554909091,3.397272727,3.886409091,4.167818182,8.885153846,11.743,10.06753846,8.358769231,TRINITY_DN29941_c1_g1_i3,TRINITY_DN23892_c4_g2_i1,plain,GO:0016021^cellular_component^integral component of membrane`GO:0005886^cellular_component^plasma membrane`GO:0005524^molecular_function^ATP binding`GO:0004674^molecular_function^protein serine/threonine kinase activity
7954,SBP3_ARATH,2,3.77069496,6.097560976,0.164,8.06E-06,0.002446249,2.79E-07,0.538388454,7.244185946,0.297203974,4,4,4,4,12.81825,12.6475,15.7055,15.00325,15.64775,20.28225,22.33775,20.13825,TRINITY_DN25468_c0_g1_i3,TRINITY_DN21670_c1_g1_i5,plain,GO:0005829^cellular_component^cytosol`GO:0012505^cellular_component^endomembrane system`GO:0016020^cellular_component^membrane`GO:0005634^cellular_component^nucleus`GO:0005496^molecular_function^steroid binding
10458,ZNRF3_DANRE,1,7.587931468,1.8,0.555555556,1.08E-05,0.003184302,1.14E-05,NA,7.587931468,NA,2,NA,2,NA,2.0115,0,2.0625,3.401,0,0,0,0,TRINITY_DN27473_c3_g1_i2,#N/A,plain,GO:0005887^cellular_component^integral component of plasma membrane`GO:0016874^molecular_function^ligase activity`GO:0004842^molecular_function^ubiquitin-protein transferase activity`GO:0008270^molecular_function^zinc ion binding`GO:0090090^biological_process^negative regulation of canonical Wnt signaling pathway`GO:2000051^biological_process^negative regulation of non-canonical Wnt signaling pathway`GO:0016567^biological_process^protein ubiquitination`GO:0072089^biological_process^stem cell proliferation`GO:0006511^biological_process^ubiquitin-dependent protein catabolic process`GO:0038018^biological_process^Wnt receptor catabolic process`GO:0016055^biological_process^Wnt signaling pathway
4976,MF14B_RAT,1,6.171313422,2.469387755,0.404958678,1.11E-05,0.00321375,1.22E-05,NA,6.171313422,NA,3,NA,3,NA,20.88966667,7.025333333,0.045,3.497333333,0,0,0,0,TRINITY_DN29315_c6_g2_i7,#N/A,plain,GO:0016021^cellular_component^integral component of membrane`GO:0005215^molecular_function^transporter activity`GO:0055085^biological_process^transmembrane transport
1025,BH035_ARATH,2,3.079456699,8.786574276,0.113809998,1.36E-05,0.003825378,4.94E-06,0.016986333,4.495506785,1.663406612,8,6,8,6,9.016625,2.546125,4.156125,49.846625,10.10716667,0.504,3.1265,62.66383333,TRINITY_DN20908_c0_g1_i1,TRINITY_DN21565_c2_g1_i4,plain,"GO:0005634^cellular_component^nucleus`GO:0003677^molecular_function^DNA binding`GO:0006355^biological_process^regulation of transcription, DNA-templated`GO:0006351^biological_process^transcription, DNA-templated"
5438,NGBR_MOUSE,2,3.189334072,8.049543677,0.124230645,1.49E-05,0.004001453,0.000197113,0.000828409,3.482340159,2.896327985,6,6,6,6,2.6205,3.045,5.044166667,3.662,2.309,1.578,4.167333333,4.729333333,TRINITY_DN29944_c1_g1_i9,TRINITY_DN24827_c0_g1_i2,plain,GO:0005789^cellular_component^endoplasmic reticulum membrane`GO:0016021^cellular_component^integral component of membrane`GO:0016020^cellular_component^membrane`GO:0004659^molecular_function^prenyltransferase activity`GO:0001525^biological_process^angiogenesis`GO:0030154^biological_process^cell differentiation`GO:0042632^biological_process^cholesterol homeostasis`GO:0019408^biological_process^dolichol biosynthetic process`GO:0035268^biological_process^protein mannosylation`GO:0032383^biological_process^regulation of intracellular cholesterol transport`GO:0055092^biological_process^sterol homeostasis
850,ATOX1_ARATH,2,2.483685147,14.35514178,0.069661451,1.74E-05,0.004573506,0.037867466,2.49E-06,0.909922136,4.057448158,20,13,20,13,29.5047,32.2973,27.75835,23.7952,36.43423077,36.83384615,35.91130769,30.38746154,TRINITY_DN27048_c6_g1_i11,TRINITY_DN22567_c0_g1_i1,plain,GO:0000785^cellular_component^chromatin`GO:0005829^cellular_component^cytosol`GO:0046872^molecular_function^metal ion binding`GO:0006825^biological_process^copper ion transport
8245,SKI24_ARATH,1,3.768115708,5.535574693,0.180649717,1.91E-05,0.004916129,1.61E-05,NA,3.768115708,NA,10,NA,10,NA,1.587,0.8877,1.2977,1.281,0,0,0,0,TRINITY_DN27181_c0_g1_i2,#N/A,plain,GO:0016567^biological_process^protein ubiquitination
1991,CP41A_ARATH,2,3.119993948,7.911371367,0.126400336,2.59E-05,0.006516481,0.104054869,4.76E-06,0.872719478,5.367268419,7,5,7,5,4.643428571,11.52914286,7.975142857,4.247714286,7.6772,21.6098,12.9248,7.3616,TRINITY_DN25852_c0_g1_i2,TRINITY_DN21089_c1_g1_i4,plain,"GO:0048046^cellular_component^apoplast`GO:0009507^cellular_component^chloroplast`GO:0009941^cellular_component^chloroplast envelope`GO:0009570^cellular_component^chloroplast stroma`GO:0009534^cellular_component^chloroplast thylakoid`GO:0010287^cellular_component^plastoglobule`GO:0005840^cellular_component^ribosome`GO:0010319^cellular_component^stromule`GO:0009579^cellular_component^thylakoid`GO:0003824^molecular_function^catalytic activity`GO:0050662^molecular_function^coenzyme binding`GO:0008266^molecular_function^poly(U) RNA binding`GO:0019843^molecular_function^rRNA binding`GO:0009658^biological_process^chloroplast organization`GO:0007623^biological_process^circadian rhythm`GO:0032544^biological_process^plastid translation`GO:0045893^biological_process^positive regulation of transcription, DNA-templated`GO:0045727^biological_process^positive regulation of translation`GO:0009735^biological_process^response to cytokinin`GO:0006364^biological_process^rRNA processing"
5582,NRAM1_ORYSJ,2,3.897906332,4.93877551,0.202479339,2.83E-05,0.006971833,0.000145063,0.004279236,4.820914051,2.974898613,3,3,3,3,13.92766667,1.221,0,0,19.03633333,0,0,0,TRINITY_DN23558_c1_g2_i1,TRINITY_DN15635_c1_g1_i1,plain,GO:0016021^cellular_component^integral component of membrane`GO:0005381^molecular_function^iron ion transmembrane transporter activity`GO:0055072^biological_process^iron ion homeostasis`GO:0034755^biological_process^iron ion transmembrane transport
9602,VA725_ARATH,2,3.939107287,4.783061742,0.209071104,3.10E-05,0.00721692,1.03E-05,0.601484794,7.655577775,0.222636799,2,5,2,5,13.435,27.26,15.6825,27.736,28.514,35.0876,30.3988,33.6246,TRINITY_DN27000_c1_g1_i2,TRINITY_DN23548_c1_g1_i2,plain,GO:0009507^cellular_component^chloroplast`GO:0031901^cellular_component^early endosome membrane`GO:0005768^cellular_component^endosome`GO:0016021^cellular_component^integral component of membrane`GO:0005886^cellular_component^plasma membrane`GO:0005484^molecular_function^SNAP receptor activity`GO:0000149^molecular_function^SNARE binding`GO:0015031^biological_process^protein transport`GO:0006906^biological_process^vesicle fusion
327,AFG1_YEAST,1,5.712353865,2.469387755,0.404958678,3.11E-05,0.00721692,2.83E-05,NA,5.712353865,NA,3,NA,3,NA,2.488666667,1.924333333,1.302666667,1.252666667,0,0,0,0,TRINITY_DN30380_c2_g2_i1,#N/A,plain,GO:0005743^cellular_component^mitochondrial inner membrane`GO:0005524^molecular_function^ATP binding`GO:0034599^biological_process^cellular response to oxidative stress`GO:0006515^biological_process^misfolded or incompletely synthesized protein catabolic process`GO:0016558^biological_process^protein import into peroxisome matrix
10516,AIM32_CLAL4,1,4.062930876,4.446964726,0.224872483,3.45E-05,0.007705946,NA,2.66E-05,NA,4.062930876,NA,7,NA,7,0,0,0,0,9.735142857,8.689142857,9.116142857,8.468857143,#N/A,TRINITY_DN25176_c3_g1_i1,plain,.
10000,Y2104_ARATH,2,3.650479411,5.457333574,0.183239669,3.58E-05,0.007709453,9.99E-07,0.293299373,6.631925308,0.669033513,4,3,4,3,10.10725,14.07175,12.2695,10.78,17.82166667,20.637,20.413,17.562,TRINITY_DN28507_c2_g1_i1,TRINITY_DN24293_c0_g1_i1,plain,GO:0009507^cellular_component^chloroplast`GO:0010287^cellular_component^plastoglobule`GO:0008168^molecular_function^methyltransferase activity`GO:0080167^biological_process^response to karrikin
7907,SALT_ORYSJ,2,4.195960167,4.164435946,0.240128558,3.58E-05,0.007709453,0.000505557,0.00222343,5.059899844,3.332020489,2,3,2,3,10.2405,6.704,6.903,91.712,4.646333333,5.731333333,6.314333333,71.46933333,TRINITY_DN21601_c0_g1_i1,TRINITY_DN26219_c0_g1_i1,plain,GO:0030246^molecular_function^carbohydrate binding
6291,PLST2_ARATH,2,3.133988852,7.479729433,0.133694676,3.75E-05,0.007920298,7.26E-06,0.018540923,4.353845735,1.914131969,8,4,8,4,3.769625,2.900625,3.077,3.303,9.2905,7.381,7.005,6.72225,TRINITY_DN29149_c4_g2_i1,TRINITY_DN22743_c3_g1_i1,plain,GO:0031969^cellular_component^chloroplast membrane`GO:0016021^cellular_component^integral component of membrane`GO:0022891^molecular_function^substrate-specific transmembrane transporter activity`GO:0008643^biological_process^carbohydrate transport
5954,PAP6_ARATH,2,2.889122202,8.893929451,0.112436242,4.10E-05,0.008512362,5.66E-05,0.005501906,3.771708596,2.006535808,7,7,7,7,20.01628571,34.921,29.069,26.258,18.49914286,33.18457143,28.18671429,25.52085714,TRINITY_DN26146_c0_g2_i2,TRINITY_DN22999_c0_g1_i4,plain,GO:0009507^cellular_component^chloroplast`GO:0009941^cellular_component^chloroplast envelope`GO:0009534^cellular_component^chloroplast thylakoid`GO:0009535^cellular_component^chloroplast thylakoid membrane`GO:0016020^cellular_component^membrane`GO:0005634^cellular_component^nucleus`GO:0005886^cellular_component^plasma membrane`GO:0010287^cellular_component^plastoglobule`GO:0009579^cellular_component^thylakoid`GO:0031977^cellular_component^thylakoid lumen`GO:0009658^biological_process^chloroplast organization`GO:0042742^biological_process^defense response to bacterium`GO:0010193^biological_process^response to ozone
2412,DGDG2_ARATH,2,3.30077832,6.538753606,0.152934345,4.44E-05,0.00905799,2.91E-08,0.67187132,6.384635671,0.21692097,8,3,8,3,5.32525,7.397375,7.96675,5.161375,13.973,16.48733333,13.692,13.227,TRINITY_DN28859_c0_g3_i1,TRINITY_DN23321_c1_g1_i3,plain,GO:0009707^cellular_component^chloroplast outer membrane`GO:0046481^molecular_function^digalactosyldiacylglycerol synthase activity`GO:0035250^molecular_function^UDP-galactosyltransferase activity`GO:0008194^molecular_function^UDP-glycosyltransferase activity`GO:0016036^biological_process^cellular response to phosphate starvation`GO:0009247^biological_process^glycolipid biosynthetic process
4142,ICI3_HORVU,1,5.540231079,2.469387755,0.404958678,4.56E-05,0.009151367,3.88E-05,NA,5.540231079,NA,3,NA,3,NA,6.453,4.208666667,8.9,57.49433333,0,0,0,0,TRINITY_DN19282_c0_g1_i1,#N/A,plain,GO:0004867^molecular_function^serine-type endopeptidase inhibitor activity`GO:0009611^biological_process^response to wounding
5389,NDUS4_ARATH,2,4.074317207,4.164435946,0.240128558,5.45E-05,0.010400358,0.605656098,7.41E-06,0.273514336,7.875120079,3,2,3,2,11.72466667,12.619,12.00966667,13.868,11.2865,9.259,14.6715,15.707,TRINITY_DN24078_c0_g1_i1,TRINITY_DN19234_c0_g1_i1,plain,GO:0005747^cellular_component^mitochondrial respiratory chain complex I`GO:0005739^cellular_component^mitochondrion`GO:0050897^molecular_function^cobalt ion binding`GO:0008137^molecular_function^NADH dehydrogenase (ubiquinone) activity`GO:0009631^biological_process^cold acclimation`GO:0022900^biological_process^electron transport chain`GO:0006970^biological_process^response to osmotic stress
5768,OPT3_ARATH,2,6.093275156,2,0.5,6.72E-05,0.012631184,0.002145204,0.00237673,6.144520626,6.042029686,1,1,1,1,135.465,88.276,19.02,39.862,134.651,82.075,19.784,39.729,TRINITY_DN25703_c1_g1_i1,TRINITY_DN23177_c0_g1_i1,plain,GO:0016021^cellular_component^integral component of membrane`GO:0007275^biological_process^multicellular organism development`GO:0015833^biological_process^peptide transport`GO:0015031^biological_process^protein transport`GO:0055085^biological_process^transmembrane transport
8693,SYT5_ARATH,2,2.571368006,11.01198522,0.090810147,7.02E-05,0.012991386,3.75E-06,0.058151354,4.137172902,1.00556311,11,9,11,9,7.746727273,7.505090909,6.689,7.429,10.23044444,11.00244444,9.414111111,10.20111111,TRINITY_DN23136_c1_g1_i1,TRINITY_DN25367_c1_g5_i2,plain,GO:0012505^cellular_component^endomembrane system`GO:0005783^cellular_component^endoplasmic reticulum`GO:0016021^cellular_component^integral component of membrane`GO:0005886^cellular_component^plasma membrane`GO:0009506^cellular_component^plasmodesma`GO:0008289^molecular_function^lipid binding`GO:0046872^molecular_function^metal ion binding
8982,TIL_ARATH,2,3.004716031,7.479729433,0.133694676,7.61E-05,0.01385633,0.005163239,7.77E-05,2.527771768,3.481660295,4,8,4,8,91.79975,81.2745,86.30375,65.20225,49.885375,43.823125,50.806125,34.131625,TRINITY_DN23603_c1_g1_i1,TRINITY_DN22645_c0_g1_i6,plain,GO:0009941^cellular_component^chloroplast envelope`GO:0031969^cellular_component^chloroplast membrane`GO:0005737^cellular_component^cytoplasm`GO:0009898^cellular_component^cytoplasmic side of plasma membrane`GO:0005783^cellular_component^endoplasmic reticulum`GO:0005794^cellular_component^Golgi apparatus`GO:0005739^cellular_component^mitochondrion`GO:0005886^cellular_component^plasma membrane`GO:0009506^cellular_component^plasmodesma`GO:0005774^cellular_component^vacuolar membrane`GO:0005773^cellular_component^vacuole`GO:0045735^molecular_function^nutrient reservoir activity`GO:0005215^molecular_function^transporter activity`GO:0030644^biological_process^cellular chloride ion homeostasis`GO:0006883^biological_process^cellular sodium ion homeostasis`GO:0010286^biological_process^heat acclimation`GO:0042538^biological_process^hyperosmotic salinity response`GO:0006629^biological_process^lipid metabolic process`GO:1902884^biological_process^positive regulation of response to oxidative stress`GO:1901002^biological_process^positive regulation of response to salt stress`GO:0009409^biological_process^response to cold`GO:0009735^biological_process^response to cytokinin`GO:0050826^biological_process^response to freezing`GO:0009408^biological_process^response to heat`GO:0009644^biological_process^response to high light intensity`GO:0009416^biological_process^response to light stimulus`GO:1901562^biological_process^response to paraquat`GO:0009414^biological_process^response to water deprivation`GO:0010431^biological_process^seed maturation
1432,CB2D_SOLLC,2,4.866963291,2.847058824,0.351239669,8.06E-05,0.014460689,0.007484882,0.000855352,2.669929105,7.063997478,3,1,3,1,71.08633333,94.89366667,513.2296667,58.30033333,28.805,14.612,908.752,12.204,TRINITY_DN25707_c0_g1_i1,TRINITY_DN12705_c0_g1_i1,plain,"GO:0009941^cellular_component^chloroplast envelope`GO:0009535^cellular_component^chloroplast thylakoid membrane`GO:0016021^cellular_component^integral component of membrane`GO:0009522^cellular_component^photosystem I`GO:0009523^cellular_component^photosystem II`GO:0010287^cellular_component^plastoglobule`GO:0016168^molecular_function^chlorophyll binding`GO:0046872^molecular_function^metal ion binding`GO:0031409^molecular_function^pigment binding`GO:0009768^biological_process^photosynthesis, light harvesting in photosystem I`GO:0018298^biological_process^protein-chromophore linkage`GO:0009416^biological_process^response to light stimulus"
2362,DEAH5_ARATH,2,2.653748399,9.86382497,0.10138055,8.74E-05,0.015438948,2.94E-06,0.31433909,4.912380542,0.395116256,7,10,7,10,6.433285714,6.835571429,5.773285714,6.087285714,11.0287,10.9158,9.5771,6.1792,TRINITY_DN23540_c0_g1_i1,TRINITY_DN21711_c0_g1_i1,plain,GO:0005829^cellular_component^cytosol`GO:0005739^cellular_component^mitochondrion`GO:0009506^cellular_component^plasmodesma`GO:0005681^cellular_component^spliceosomal complex`GO:0005524^molecular_function^ATP binding`GO:0008026^molecular_function^ATP-dependent helicase activity`GO:0003676^molecular_function^nucleic acid binding`GO:0006397^biological_process^mRNA processing`GO:0008380^biological_process^RNA splicing
767,ASNS_SANAU,2,3.891232594,4.164435946,0.240128558,0.000101908,0.017480921,0.155220081,6.20E-06,1.241940861,6.540524327,2,3,2,3,1.924,0.985,0.373,7.1885,3.867,7.887,0,0,TRINITY_DN24795_c0_g1_i1,TRINITY_DN20929_c0_g1_i2,plain,GO:0004066^molecular_function^asparagine synthase (glutamine-hydrolyzing) activity`GO:0005524^molecular_function^ATP binding`GO:0006541^biological_process^glutamine metabolic process`GO:0070981^biological_process^L-asparagine biosynthetic process
5244,MYO17_ARATH,2,2.587465232,10.10826633,0.098928933,0.000115078,0.019457978,0.011183359,7.05E-05,1.48791752,3.687012944,11,7,11,7,18.55781818,17.90281818,18.76054545,18.89663636,7.679,7.06,6.879,6.753428571,TRINITY_DN30629_c1_g3_i2,TRINITY_DN15661_c0_g1_i1,plain,GO:0016459^cellular_component^myosin complex`GO:0009506^cellular_component^plasmodesma`GO:0035619^cellular_component^root hair tip`GO:0030133^cellular_component^transport vesicle`GO:0005524^molecular_function^ATP binding`GO:0003774^molecular_function^motor activity`GO:0030048^biological_process^actin filament-based movement`GO:0051645^biological_process^Golgi localization`GO:0048467^biological_process^gynoecium development`GO:0090436^biological_process^leaf pavement cell development`GO:0051646^biological_process^mitochondrion localization`GO:0060151^biological_process^peroxisome localization`GO:0048768^biological_process^root hair cell tip growth`GO:0048767^biological_process^root hair elongation`GO:0010091^biological_process^trichome branching`GO:0010090^biological_process^trichome morphogenesis
4974,MF14B_HUMAN,2,4.270793254,3.35458648,0.298099335,0.000131446,0.021912669,0.190129573,3.51E-09,1.660049476,6.881537031,1,9,1,9,4.023,1.103,6.105,6.459,10.01911111,3.602111111,0,1.466777778,TRINITY_DN21807_c0_g1_i1,TRINITY_DN24768_c1_g1_i4,plain,GO:0016021^cellular_component^integral component of membrane`GO:0005215^molecular_function^transporter activity`GO:0055085^biological_process^transmembrane transport
10063,Y3720_ARATH,2,3.800880881,4.164435946,0.240128558,0.000138506,0.022768856,0.000106516,0.019869739,4.989390191,2.612371572,3,2,3,2,6.363666667,7.368,4.066666667,3.735333333,9.6775,10.8675,7.19,5.4475,TRINITY_DN22279_c0_g1_i3,TRINITY_DN16890_c1_g1_i2,plain,GO:0016021^cellular_component^integral component of membrane`GO:0005886^cellular_component^plasma membrane
6012,PDI14_ORYSJ,2,3.146497529,6.121637235,0.163354992,0.000147726,0.023951823,0.000701953,0.002235536,2.963936371,3.329058687,6,3,6,3,5.757833333,2.773666667,3.000666667,2.495666667,12.17066667,2.144666667,3.124666667,2.029,TRINITY_DN31373_c0_g1_i1,TRINITY_DN24768_c0_g1_i1,plain,GO:0005788^cellular_component^endoplasmic reticulum lumen`GO:0003756^molecular_function^protein disulfide isomerase activity`GO:0045454^biological_process^cell redox homeostasis`GO:0006457^biological_process^protein folding`GO:0034976^biological_process^response to endoplasmic reticulum stress
9234,TRPA_MAIZE,2,3.473679526,4.93877551,0.202479339,0.000150008,0.023993124,0.000734976,0.004001235,3.935821479,3.011537572,3,3,3,3,2.252,1.792,3.268333333,28.41766667,3.644666667,1.807666667,2.936666667,51.298,TRINITY_DN26508_c1_g1_i3,TRINITY_DN14626_c0_g1_i1,plain,GO:0009507^cellular_component^chloroplast`GO:0033984^molecular_function^indole-3-glycerol-phosphate lyase activity`GO:0004834^molecular_function^tryptophan synthase activity
3741,GSTT3_ARATH,2,2.123348835,16.79093653,0.059555939,0.000157698,0.024886784,0.065069765,3.22E-06,0.731677018,3.515020653,23,20,23,20,4.30526087,4.082608696,3.183826087,4.503217391,4.29585,5.4159,4.5506,4.43565,TRINITY_DN23538_c0_g1_i1,TRINITY_DN6122_c1_g1_i1,plain,GO:0005737^cellular_component^cytoplasm`GO:0005634^cellular_component^nucleus`GO:0003677^molecular_function^DNA binding`GO:0004364^molecular_function^glutathione transferase activity`GO:0006749^biological_process^glutathione metabolic process`GO:0009636^biological_process^response to toxic substance`GO:0009407^biological_process^toxin catabolic process
2086,CRYD_ORYSJ,2,3.028471026,6.571070067,0.152182215,0.000162711,0.025340171,0.076880699,1.64E-05,1.231440203,4.82550185,4,5,4,5,7.601,6.9985,7.80225,6.02125,7.4008,6.9336,7.4644,6.06,TRINITY_DN29313_c2_g1_i4,TRINITY_DN24567_c0_g1_i1,plain,GO:0009507^cellular_component^chloroplast`GO:0005739^cellular_component^mitochondrion`GO:0003677^molecular_function^DNA binding`GO:0003913^molecular_function^DNA photolyase activity`GO:0006281^biological_process^DNA repair`GO:0018298^biological_process^protein-chromophore linkage
3437,GBA2_MOUSE,2,2.479196135,10.32565979,0.096846112,0.000208094,0.031576985,3.17E-06,0.102593777,4.080218935,0.878173334,12,7,12,7,6.106916667,5.3055,6.111916667,6.550666667,12.85914286,15.18985714,15.85442857,15.99242857,TRINITY_DN12958_c0_g1_i1,TRINITY_DN21645_c4_g1_i2,plain,GO:0005789^cellular_component^endoplasmic reticulum membrane`GO:0000139^cellular_component^Golgi membrane`GO:0016021^cellular_component^integral component of membrane`GO:0008422^molecular_function^beta-glucosidase activity`GO:0004348^molecular_function^glucosylceramidase activity`GO:0008206^biological_process^bile acid metabolic process`GO:0021954^biological_process^central nervous system neuron development`GO:0006680^biological_process^glucosylceramide catabolic process`GO:0016139^biological_process^glycoside catabolic process
79,AAMT2_MAIZE,2,2.801547902,7.558719668,0.132297538,0.000212368,0.031817493,0.176341648,1.40E-05,0.708298769,4.894797034,6,5,6,5,4.642666667,5.038666667,3.823,10.30216667,4.3792,0.9748,2.7836,8.0184,TRINITY_DN25493_c1_g2_i2,TRINITY_DN18600_c0_g1_i1,plain,GO:0008168^molecular_function^methyltransferase activity`GO:0006952^biological_process^defense response
1544,CDI_ARATH,2,3.657529983,4.164435946,0.240128558,0.000224652,0.033237276,0.003905711,0.001315767,3.696876959,3.618183007,2,3,2,3,2.177,8.487,11.023,10.413,1.752666667,7.463666667,14.28,9.803666667,TRINITY_DN21326_c1_g1_i1,TRINITY_DN17729_c2_g1_i1,plain,GO:0005829^cellular_component^cytosol`GO:0016740^molecular_function^transferase activity`GO:0009846^biological_process^pollen germination`GO:0009860^biological_process^pollen tube growth`GO:0007338^biological_process^single fertilization
10861,ERD2B_ARATH,1,5.771119615,1.8,0.555555556,0.000231377,0.033809564,NA,0.000173961,NA,5.771119615,NA,2,NA,2,0,0,0,0,2.1655,0,3.836,4.646,#N/A,TRINITY_DN21110_c1_g1_i8,plain,"GO:0005789^cellular_component^endoplasmic reticulum membrane`GO:0005794^cellular_component^Golgi apparatus`GO:0000139^cellular_component^Golgi membrane`GO:0016021^cellular_component^integral component of membrane`GO:0046923^molecular_function^ER retention sequence binding`GO:0010204^biological_process^defense response signaling pathway, resistance gene-independent`GO:0006621^biological_process^protein retention in ER lumen`GO:0015031^biological_process^protein transport`GO:0016192^biological_process^vesicle-mediated transport"
2946,ERD22_CAEEL,2,3.331410997,4.93877551,0.202479339,0.000259677,0.037482201,0.661508864,7.49E-06,0.225399216,6.437422778,3,3,3,3,14.271,14.05766667,14.39333333,16.217,22.61633333,26.44033333,15.76366667,24.70133333,TRINITY_DN28166_c0_g3_i2,TRINITY_DN24247_c1_g1_i1,plain,GO:0005789^cellular_component^endoplasmic reticulum membrane`GO:0016021^cellular_component^integral component of membrane`GO:0046923^molecular_function^ER retention sequence binding`GO:0006621^biological_process^protein retention in ER lumen`GO:0015031^biological_process^protein transport`GO:0016192^biological_process^vesicle-mediated transport